<?xml version = "1.0" encoding = "utf-8"?>
<collegedata>
<zivotinje>
    <macka>
    <carstvo>Animalia</carstvo>
    <koljeno>Chordata</koljeno>
    <vrsta>	F. silvestris</vrsta>
    <duzina>cca 60cm</duzina>
    <tezina>4-5,5kg</tezina>
    <zivotniVijek>15-20 godina</zivotniVijek>
    </macka>
    <pas>
        <carstvo>Animalia</carstvo>
    <koljeno>Chordata</koljeno>
    <vrsta>	C. lupus</vrsta>
    <duzina>varira ovisno o pasmini</duzina>
    <tezina>varira ovisno o pasmini</tezina>
    <zivotniVijek>10-13 godina</zivotniVijek>
    </pas>

    <zec> 
        <carstvo>Animalia</carstvo>
        <koljeno>Chordata</koljeno>
        <vrsta>	L. (Eulagos) europaeus</vrsta>
        <duzina>48-75cm</duzina>
        <tezina>2,5-4kg</tezina>
        <zivotniVijek>5-9 godina</zivotniVijek>  
    </zec>
  
    <hrcak>
        <carstvo>Animalia</carstvo>
        <koljeno>Chordata</koljeno>
        <vrsta>	Cricetinae</vrsta>
        <duzina>10-20cm</duzina>
        <tezina>90-1200g</tezina>
        <zivotniVijek>30-50god</zivotniVijek>
    </hrcak>

    <konj>
        <carstvo>Animalia</carstvo>
        <koljeno>Chordata</koljeno>
        <vrsta>	E. (Equus) caballus</vrsta>
        <duzina>do 2,4m</duzina>
        <tezina>50-180kg</tezina>
        <zivotniVijek>2-3god</zivotniVijek>
    </konj>
    
    <dupin>
        <carstvo>Animalia</carstvo>
        <koljeno>Chordata</koljeno>
        <vrsta>	T. truncatus</vrsta>
        <duzina>do 3,6m</duzina>
        <tezina>150-500kg</tezina>
        <zivotniVijek>do 50god</zivotniVijek>
    </dupin>

</zivotinje>
	

	
</collegedata>
